{
    "seed": 1690767435,
    "map": "Carla/Maps/Town03",
    "sp": {
        "x": -74.38717651367188,
        "y": 41.99738311767578,
        "z": 0.9488781690597534,
        "pitch": -0.34827134013175964,
        "yaw": -90.15623474121094,
        "roll": -1.3340459403821114e-08
    },
    "dp": {
        "x": -74.4850845336914,
        "y": -44.04933166503906,
        "z": 0.27530714869499207,
        "pitch": 0.0,
        "yaw": -90.15623474121094,
        "roll": 0.0
    },
    "weather": {
        "cloud": 34,
        "precipitation": 63,
        "precipitation_deposits": 5,
        "wind": 26,
        "fog": 50,
        "wetness": 21,
        "sun_azimuth_angle": 24,
        "sun_altitude_angle": 53
    },
    "npc_list": [
        {
            "type": 0,
            "nav_type": 1,
            "blueprint": "vehicle.yamaha.yzf",
            "speed": 6.784180141105557,
            "sp": {
                "x": -74.38717651367188,
                "y": 25.734657287597656,
                "z": 1.350000023841858,
                "pitch": -0.34827134013175964,
                "yaw": -90.15623474121094,
                "roll": -1.3340459403821114e-08
            },
            "dp": {
                "x": 124.70004272460938,
                "y": 59.00621795654297,
                "z": 0.27530714869499207,
                "pitch": 0.0,
                "yaw": 0.0,
                "roll": 0.0
            }
        }
    ]
}