{
    "seed": 1689681912,
    "map": "Carla/Maps/Town03",
    "sp": {
        "x": -103.62361145019531,
        "y": 24.07927894592285,
        "z": 0.5753071308135986,
        "pitch": 0.0,
        "yaw": 134.6768035888672,
        "roll": 0.0
    },
    "dp": {
        "x": -77.88716888427734,
        "y": 87.72563934326172,
        "z": 1.0,
        "pitch": 0.0,
        "yaw": -90.15623474121094,
        "roll": 0.0
    },
    "weather": {
        "cloud": 81,
        "precipitation": 11,
        "precipitation_deposits": 54,
        "wind": 63,
        "fog": 4,
        "wetness": 33,
        "sun_azimuth_angle": 70,
        "sun_altitude_angle": 20
    },
    "npc_list": [
        {
            "type": 1,
            "nav_type": 1,
            "blueprint": "walker.pedestrian.0042",
            "speed": 1.5507340055281427,
            "sp": {
                "x": -117.49345397949219,
                "y": -3.2214934825897217,
                "z": 2.2753071784973145,
                "pitch": 0.0,
                "yaw": -179.7053985595703,
                "roll": 0.0
            },
            "dp": {
                "x": -74.0270004272461,
                "y": 119.11683654785156,
                "z": 0.4285891652107239,
                "pitch": 0.0,
                "yaw": 0.0,
                "roll": 0.0
            }
        },
        {
            "type": 0,
            "nav_type": 1,
            "blueprint": "vehicle.micro.microlino",
            "speed": 26.18060646131226,
            "sp": {
                "x": -117.97545623779297,
                "y": 33.97294235229492,
                "z": 1.2753071784973145,
                "pitch": 0.0,
                "yaw": 134.6768035888672,
                "roll": 0.0
            },
            "dp": {
                "x": 242.7023162841797,
                "y": 129.078125,
                "z": 1.3528071641921997,
                "pitch": 0.0,
                "yaw": 0.0,
                "roll": 0.0
            }
        }
    ]
}