{
    "seed": 1688906771,
    "map": "Carla/Maps/Town03",
    "sp": {
        "x": 84.74,
        "y": -118.75,
        "z": 10,
        "pitch": 0.0,
        "yaw": -90,
        "roll": 0.0
    },
    "dp": {
        "x": 10.57,
        "y": -161.45,
        "z": 0.6,
        "pitch": 0.0,
        "yaw": 0.0,
        "roll": 0.0
    },
    "weather": {
        "cloud": 28,
        "precipitation": 83,
        "precipitation_deposits": 69,
        "wind": 82,
        "fog": 50,
        "wetness": 52,
        "sun_azimuth_angle": 129,
        "sun_altitude_angle": 41
    },
    "npc_list": [
        {
            "type": 0,
            "nav_type": 1,
            "blueprint": "vehicle.nissan.patrol_2021",
            "speed": 5.922516577435009,
            "sp": {
                "x": 73.19366455078125,
                "y": -136.70431518554688,
                "z": 9.605596542358398,
                "pitch": -0.6473106741905212,
                "yaw": -178.77268981933594,
                "roll": 8.338165713439594e-10
            },
            "dp": {
                "x": 5.794488906860352,
                "y": 167.55609130859375,
                "z": 0.27530714869499207,
                "pitch": 0.0,
                "yaw": 0.0,
                "roll": 0.0
            }
        },
        {
            "type": 0,
            "nav_type": 1,
            "blueprint": "vehicle.ford.ambulance",
            "speed": 28.055866252332784,
            "sp": {
                "x": 109.65359497070312,
                "y": -132.42245483398438,
                "z": 12.305596351623535,
                "pitch": 0.0,
                "yaw": 1.2272652387619019,
                "roll": 0.0
            },
            "dp": {
                "x": 127.07760620117188,
                "y": -3.0823497772216797,
                "z": 0.27530714869499207,
                "pitch": 0.0,
                "yaw": 0.0,
                "roll": 0.0
            }
        }
    ]
}