{
    "seed": 1689681912,
    "map": "Carla/Maps/Town03",
    "sp": {
        "x": 175.93885803222656,
        "y": 62.37438201904297,
        "z": 0.5753071308135986,
        "pitch": 0.0,
        "yaw": -0.14739990234375,
        "roll": 0.0
    },
    "dp": {
        "x": 116.63027954101562,
        "y": -6.581954002380371,
        "z": 0.27530714869499207,
        "pitch": 0.0,
        "yaw": -179.1441650390625,
        "roll": 0.0
    },
    "weather": {
        "cloud": 37,
        "precipitation": 30,
        "precipitation_deposits": 10,
        "wind": 58,
        "fog": 3,
        "wetness": 32,
        "sun_azimuth_angle": 90,
        "sun_altitude_angle": -7
    },
    "npc_list": [
        {
            "type": 0,
            "nav_type": 1,
            "blueprint": "vehicle.volkswagen.t2_2021",
            "speed": 23.395433419486277,
            "sp": {
                "x": 204.70285034179688,
                "y": 58.80038833618164,
                "z": 1.2753071784973145,
                "pitch": 0.0,
                "yaw": 179.85255432128906,
                "roll": 0.0
            },
            "dp": {
                "x": 149.95828247070312,
                "y": -102.33649444580078,
                "z": 10.305596351623535,
                "pitch": 0.0,
                "yaw": 0.0,
                "roll": 0.0
            }
        }
    ]
}