{
    "seed": 1690615188,
    "map": "Carla/Maps/Town03",
    "sp": {
        "x": -6.848509216308594,
        "y": 61.04201889038086,
        "z": 0.27530714869499207,
        "pitch": 0.0,
        "yaw": 89.63746643066406,
        "roll": 0.0
    },
    "dp": {
        "x": -32.75082015991211,
        "y": 131.4288778591156006,
        "z": 0.27530714869499207,
        "pitch": 0.0,
        "yaw": -179.70538330078125,
        "roll": 0.0
    },
    "weather": {
        "cloud": 34,
        "precipitation": 46,
        "precipitation_deposits": 10,
        "wind": 81,
        "fog": 41,
        "wetness": 63,
        "sun_azimuth_angle": 6,
        "sun_altitude_angle": -88
    },
    "npc_list": [
        {
            "type": 0,
            "nav_type": 1,
            "blueprint": "vehicle.micro.microlino",
            "speed": 19.102208584641275,
            "sp": {
                "x": -9.948439598083496,
                "y": 70.05980682373047,
                "z": 0.2753071784973145,
                "pitch": 0.0,
                "yaw": 89.63746643066406,
                "roll": 0.0
            },
            "dp": {
                "x": 230.82467651367188,
                "y": 35.70989227294922,
                "z": 0.2753071784973145,
                "pitch": 0.0,
                "yaw": 0.0,
                "roll": 0.0
            }
        }
    ]
}